match_id,team1,team1_score,team1_wickets,winner,winner_encoded
335982,Kolkata Knight Riders,222,3,KOLKATA KNIGHT RIDERS,8
335983,Chennai Super Kings,240,5,CHENNAI SUPER KINGS,0
335984,Delhi Daredevils,132,1,DELHI DAREDEVILS,3
335985,Mumbai Indians,165,5,ROYAL CHALLENGERS BANGALORE,16
335986,Deccan Chargers,110,9,KOLKATA KNIGHT RIDERS,8
335987,Kings XI Punjab,166,7,RAJASTHAN ROYALS,13
335988,Deccan Chargers,142,7,DELHI DAREDEVILS,3
335989,Chennai Super Kings,208,4,CHENNAI SUPER KINGS,0
335990,Deccan Chargers,214,5,RAJASTHAN ROYALS,13
335991,Kings XI Punjab,182,8,KINGS XI PUNJAB,6
335992,Rajasthan Royals,138,3,RAJASTHAN ROYALS,13
335993,Chennai Super Kings,152,1,CHENNAI SUPER KINGS,0
335994,Deccan Chargers,155,0,DECCAN CHARGERS,1
335995,Delhi Daredevils,158,7,KINGS XI PUNJAB,6
335996,Chennai Super Kings,178,4,CHENNAI SUPER KINGS,0
335997,Kolkata Knight Riders,137,7,MUMBAI INDIANS,10
335998,Delhi Daredevils,191,4,DELHI DAREDEVILS,3
335999,Deccan Chargers,164,7,KINGS XI PUNJAB,6
336000,Kolkata Knight Riders,151,7,RAJASTHAN ROYALS,13
336001,Chennai Super Kings,169,5,DELHI DAREDEVILS,3
336002,Deccan Chargers,165,8,ROYAL CHALLENGERS BANGALORE,16
336003,Kings XI Punjab,178,5,KINGS XI PUNJAB,6
336004,Delhi Daredevils,133,9,MUMBAI INDIANS,10
336005,Chennai Super Kings,109,10,RAJASTHAN ROYALS,13
336006,Kings XI Punjab,127,4,KINGS XI PUNJAB,6
336007,Chennai Super Kings,144,7,DECCAN CHARGERS,1
336008,Mumbai Indians,104,3,MUMBAI INDIANS,10
336009,Chennai Super Kings,188,5,CHENNAI SUPER KINGS,0
336010,Kolkata Knight Riders,129,5,KOLKATA KNIGHT RIDERS,8
336011,Deccan Chargers,140,6,RAJASTHAN ROYALS,13
336012,Mumbai Indians,126,1,MUMBAI INDIANS,10
336013,Chennai Super Kings,181,4,CHENNAI SUPER KINGS,0
336014,Deccan Chargers,181,7,KOLKATA KNIGHT RIDERS,8
336015,Delhi Daredevils,156,6,RAJASTHAN ROYALS,13
336016,Kings XI Punjab,144,1,KINGS XI PUNJAB,6
336017,Delhi Daredevils,110,8,KOLKATA KNIGHT RIDERS,8
336018,Chennai Super Kings,156,6,MUMBAI INDIANS,10
336019,Kings XI Punjab,221,2,KINGS XI PUNJAB,6
336020,Deccan Chargers,182,9,DELHI DAREDEVILS,3
336021,Kolkata Knight Riders,67,9,MUMBAI INDIANS,10
336022,Delhi Daredevils,118,4,KINGS XI PUNJAB,6
336023,Rajasthan Royals,197,1,RAJASTHAN ROYALS,13
336024,Deccan Chargers,153,6,MUMBAI INDIANS,10
336025,Chennai Super Kings,55,0,CHENNAI SUPER KINGS,0
336026,Delhi Daredevils,158,4,DELHI DAREDEVILS,3
336027,Kolkata Knight Riders,147,7,RAJASTHAN ROYALS,13
336028,Kings XI Punjab,189,4,KINGS XI PUNJAB,6
336029,Chennai Super Kings,112,7,ROYAL CHALLENGERS BANGALORE,16
336031,Deccan Chargers,175,4,KINGS XI PUNJAB,6
336032,Delhi Daredevils,179,4,DELHI DAREDEVILS,3
336033,Chennai Super Kings,201,6,RAJASTHAN ROYALS,13
336034,Deccan Chargers,153,6,ROYAL CHALLENGERS BANGALORE,16
336035,Kings XI Punjab,174,5,KOLKATA KNIGHT RIDERS,8
336036,Mumbai Indians,145,7,RAJASTHAN ROYALS,13
336037,Chennai Super Kings,148,3,CHENNAI SUPER KINGS,0
336038,Delhi Daredevils,87,9,RAJASTHAN ROYALS,13
336039,Chennai Super Kings,116,1,CHENNAI SUPER KINGS,0
336040,Chennai Super Kings,163,5,RAJASTHAN ROYALS,13
392181,Chennai Super Kings,146,7,MUMBAI INDIANS,10
392182,Rajasthan Royals,58,9,ROYAL CHALLENGERS BANGALORE,16
392183,Delhi Daredevils,58,0,DELHI DAREDEVILS,3
392184,Deccan Chargers,104,1,DECCAN CHARGERS,1
392185,Chennai Super Kings,179,4,CHENNAI SUPER KINGS,0
392186,Kings XI Punjab,158,5,KOLKATA KNIGHT RIDERS,8
392188,Deccan Chargers,184,5,DECCAN CHARGERS,1
392189,Chennai Super Kings,180,6,DELHI DAREDEVILS,3
392190,Kolkata Knight Riders,165,8,RAJASTHAN ROYALS,13
392191,Kings XI Punjab,173,2,KINGS XI PUNJAB,6
392192,Deccan Chargers,168,8,DECCAN CHARGERS,1
392194,Delhi Daredevils,150,4,DELHI DAREDEVILS,3
392195,Kings XI Punjab,139,4,KINGS XI PUNJAB,6
392196,Chennai Super Kings,165,6,DECCAN CHARGERS,1
392197,Kolkata Knight Riders,95,9,MUMBAI INDIANS,10
392198,Delhi Daredevils,143,7,RAJASTHAN ROYALS,13
392199,Kolkata Knight Riders,139,6,ROYAL CHALLENGERS BANGALORE,16
392200,Kings XI Punjab,119,7,KINGS XI PUNJAB,6
392201,Deccan Chargers,148,7,DELHI DAREDEVILS,3
392202,Chennai Super Kings,164,5,CHENNAI SUPER KINGS,0
392203,Kolkata Knight Riders,139,5,MUMBAI INDIANS,10
392204,Kings XI Punjab,137,6,ROYAL CHALLENGERS BANGALORE,16
392205,Deccan Chargers,141,5,RAJASTHAN ROYALS,13
392206,Chennai Super Kings,163,9,CHENNAI SUPER KINGS,0
392207,Kings XI Punjab,154,4,KINGS XI PUNJAB,6
392208,Mumbai Indians,149,4,ROYAL CHALLENGERS BANGALORE,16
392209,Chennai Super Kings,178,3,CHENNAI SUPER KINGS,0
392210,Kings XI Punjab,133,8,RAJASTHAN ROYALS,13
392211,Delhi Daredevils,157,1,DELHI DAREDEVILS,3
392212,Deccan Chargers,145,5,DECCAN CHARGERS,1
392213,Rajasthan Royals,107,2,RAJASTHAN ROYALS,13
392214,Chennai Super Kings,185,3,CHENNAI SUPER KINGS,0
392215,Delhi Daredevils,118,3,DELHI DAREDEVILS,3
392216,Deccan Chargers,168,4,KINGS XI PUNJAB,6
392217,Chennai Super Kings,141,3,CHENNAI SUPER KINGS,0
392218,Mumbai Indians,157,2,MUMBAI INDIANS,10
392219,Delhi Daredevils,125,3,DELHI DAREDEVILS,3
392220,Deccan Chargers,166,7,DECCAN CHARGERS,1
392221,Kolkata Knight Riders,173,4,ROYAL CHALLENGERS BANGALORE,16
392222,Kings XI Punjab,119,6,MUMBAI INDIANS,10
392223,Deccan Chargers,161,9,DELHI DAREDEVILS,3
392224,Chennai Super Kings,129,8,ROYAL CHALLENGERS BANGALORE,16
392225,Mumbai Indians,143,7,RAJASTHAN ROYALS,13
392226,Delhi Daredevils,120,8,KINGS XI PUNJAB,6
392227,Chennai Super Kings,151,3,CHENNAI SUPER KINGS,0
392228,Deccan Chargers,166,2,DECCAN CHARGERS,1
392229,Deccan Chargers,133,7,KINGS XI PUNJAB,6
392230,Delhi Daredevils,150,3,DELHI DAREDEVILS,3
392231,Chennai Super Kings,188,1,KOLKATA KNIGHT RIDERS,8
392232,Delhi Daredevils,134,7,ROYAL CHALLENGERS BANGALORE,16
392233,Kolkata Knight Riders,102,5,KOLKATA KNIGHT RIDERS,8
392234,Chennai Super Kings,116,7,CHENNAI SUPER KINGS,0
392235,Delhi Daredevils,166,6,DELHI DAREDEVILS,3
392236,Deccan Chargers,158,5,ROYAL CHALLENGERS BANGALORE,16
392237,Deccan Chargers,154,4,DECCAN CHARGERS,1
392238,Chennai Super Kings,146,5,ROYAL CHALLENGERS BANGALORE,16
392239,Deccan Chargers,143,6,DECCAN CHARGERS,1
419106,Deccan Chargers,150,7,KOLKATA KNIGHT RIDERS,8
419107,Mumbai Indians,212,5,MUMBAI INDIANS,10
419108,Delhi Daredevils,146,4,DELHI DAREDEVILS,3
419109,Kolkata Knight Riders,136,3,KOLKATA KNIGHT RIDERS,8
419110,Chennai Super Kings,159,9,DECCAN CHARGERS,1
419111,Delhi Daredevils,142,4,DELHI DAREDEVILS,3
419112,Kings XI Punjab,203,3,ROYAL CHALLENGERS BANGALORE,16
419113,Chennai Super Kings,164,3,CHENNAI SUPER KINGS,0
419114,Delhi Daredevils,120,8,MUMBAI INDIANS,10
419115,Rajasthan Royals,92,8,ROYAL CHALLENGERS BANGALORE,16
419116,Chennai Super Kings,190,4,CHENNAI SUPER KINGS,0
419117,Deccan Chargers,170,5,DECCAN CHARGERS,1
419118,Kolkata Knight Riders,134,4,RAJASTHAN ROYALS,13
419119,Mumbai Indians,151,9,ROYAL CHALLENGERS BANGALORE,16
419120,Deccan Chargers,171,5,DECCAN CHARGERS,1
419121,Chennai Super Kings,145,8,KINGS XI PUNJAB,6
419122,Kolkata Knight Riders,155,3,MUMBAI INDIANS,10
419123,Chennai Super Kings,135,6,ROYAL CHALLENGERS BANGALORE,16
419124,Kings XI Punjab,152,9,RAJASTHAN ROYALS,13
419125,Chennai Super Kings,180,2,MUMBAI INDIANS,10
419126,Deccan Chargers,148,6,RAJASTHAN ROYALS,13
419127,Kings XI Punjab,144,6,KOLKATA KNIGHT RIDERS,8
419128,Delhi Daredevils,183,2,DELHI DAREDEVILS,3
419129,Chennai Super Kings,160,4,RAJASTHAN ROYALS,13
419130,Deccan Chargers,131,10,MUMBAI INDIANS,10
419131,Delhi Daredevils,177,4,DELHI DAREDEVILS,3
419132,Kings XI Punjab,163,8,MUMBAI INDIANS,10
419133,Chennai Super Kings,162,5,CHENNAI SUPER KINGS,0
419134,Delhi Daredevils,188,5,DELHI DAREDEVILS,3
419135,Deccan Chargers,157,5,KOLKATA KNIGHT RIDERS,8
419136,Kings XI Punjab,181,4,ROYAL CHALLENGERS BANGALORE,16
419137,Chennai Super Kings,246,4,CHENNAI SUPER KINGS,0
419138,Deccan Chargers,115,9,MUMBAI INDIANS,10
419139,Kings XI Punjab,204,2,KINGS XI PUNJAB,6
419140,Delhi Daredevils,184,3,DELHI DAREDEVILS,3
419141,Deccan Chargers,157,9,RAJASTHAN ROYALS,13
419142,Chennai Super Kings,165,4,CHENNAI SUPER KINGS,0
419143,Kings XI Punjab,153,5,RAJASTHAN ROYALS,13
419144,Delhi Daredevils,167,6,KOLKATA KNIGHT RIDERS,8
419145,Deccan Chargers,186,3,DECCAN CHARGERS,1
419146,Kings XI Punjab,158,4,KINGS XI PUNJAB,6
419147,Chennai Super Kings,138,7,DECCAN CHARGERS,1
419148,Kolkata Knight Riders,160,7,ROYAL CHALLENGERS BANGALORE,16
419149,Delhi Daredevils,111,8,KINGS XI PUNJAB,6
419150,Mumbai Indians,174,5,MUMBAI INDIANS,10
419151,Deccan Chargers,151,5,DECCAN CHARGERS,1
419152,Delhi Daredevils,144,5,MUMBAI INDIANS,10
419153,Chennai Super Kings,143,1,CHENNAI SUPER KINGS,0
419154,Rajasthan Royals,130,5,ROYAL CHALLENGERS BANGALORE,16
419155,Chennai Super Kings,112,8,DELHI DAREDEVILS,3
419156,Deccan Chargers,178,5,DECCAN CHARGERS,1
419157,Mumbai Indians,191,4,MUMBAI INDIANS,10
419158,Kolkata Knight Riders,133,2,KOLKATA KNIGHT RIDERS,8
419159,Chennai Super Kings,195,4,CHENNAI SUPER KINGS,0
419160,Deccan Chargers,145,6,DECCAN CHARGERS,1
419161,Kolkata Knight Riders,135,1,KOLKATA KNIGHT RIDERS,8
419162,Mumbai Indians,184,4,MUMBAI INDIANS,10
419163,Chennai Super Kings,142,6,CHENNAI SUPER KINGS,0
419164,Deccan Chargers,82,10,ROYAL CHALLENGERS BANGALORE,16
419165,Chennai Super Kings,168,4,CHENNAI SUPER KINGS,0
501198,Chennai Super Kings,153,4,CHENNAI SUPER KINGS,0
501199,Deccan Chargers,137,8,RAJASTHAN ROYALS,13
501200,Kochi Tuskers Kerala,161,5,ROYAL CHALLENGERS BANGALORE,16
501201,Delhi Daredevils,95,8,MUMBAI INDIANS,10
501202,Kings XI Punjab,112,7,PUNE WARRIORS,11
501203,Deccan Chargers,154,7,KOLKATA KNIGHT RIDERS,8
501204,Delhi Daredevils,151,6,RAJASTHAN ROYALS,13
501205,Mumbai Indians,143,1,MUMBAI INDIANS,10
501206,Chennai Super Kings,188,4,KINGS XI PUNJAB,6
501207,Kochi Tuskers Kerala,148,6,PUNE WARRIORS,11
501208,Deccan Chargers,175,5,DECCAN CHARGERS,1
501209,Kolkata Knight Riders,160,0,KOLKATA KNIGHT RIDERS,8
501210,Kochi Tuskers Kerala,184,2,KOCHI TUSKERS KERALA,7
501211,Chennai Super Kings,183,5,CHENNAI SUPER KINGS,0
501212,Deccan Chargers,165,8,KINGS XI PUNJAB,6
501213,Delhi Daredevils,190,6,DELHI DAREDEVILS,3
501214,Kolkata Knight Riders,85,2,KOLKATA KNIGHT RIDERS,8
501215,Chennai Super Kings,131,3,KOCHI TUSKERS KERALA,7
501216,Deccan Chargers,168,4,DECCAN CHARGERS,1
501218,Mumbai Indians,124,3,MUMBAI INDIANS,10
501219,Kochi Tuskers Kerala,132,7,KOCHI TUSKERS KERALA,7
501220,Kings XI Punjab,195,6,KINGS XI PUNJAB,6
501221,Chennai Super Kings,156,9,MUMBAI INDIANS,10
501222,Kolkata Knight Riders,171,4,ROYAL CHALLENGERS BANGALORE,16
501223,Delhi Daredevils,231,4,DELHI DAREDEVILS,3
501224,Deccan Chargers,135,5,MUMBAI INDIANS,10
501225,Kochi Tuskers Kerala,109,8,RAJASTHAN ROYALS,13
501226,Chennai Super Kings,142,6,CHENNAI SUPER KINGS,0
501227,Delhi Daredevils,160,5,ROYAL CHALLENGERS BANGALORE,16
501228,Chennai Super Kings,145,2,CHENNAI SUPER KINGS,0
501229,Deccan Chargers,129,6,DECCAN CHARGERS,1
501230,Delhi Daredevils,131,7,KOLKATA KNIGHT RIDERS,8
501231,Mumbai Indians,94,8,RAJASTHAN ROYALS,13
501232,Pune Warriors,155,5,ROYAL CHALLENGERS BANGALORE,16
501233,Delhi Daredevils,157,5,DELHI DAREDEVILS,3
501234,Kings XI Punjab,119,3,KOLKATA KNIGHT RIDERS,8
501235,Pune Warriors,143,5,RAJASTHAN ROYALS,13
501236,Chennai Super Kings,165,4,CHENNAI SUPER KINGS,0
501237,Kings XI Punjab,136,8,MUMBAI INDIANS,10
501238,Delhi Daredevils,140,6,KOCHI TUSKERS KERALA,7
501239,Deccan Chargers,149,6,KOLKATA KNIGHT RIDERS,8
501240,Chennai Super Kings,149,2,CHENNAI SUPER KINGS,0
501241,Mumbai Indians,160,7,MUMBAI INDIANS,10
501242,Kochi Tuskers Kerala,156,4,KOCHI TUSKERS KERALA,7
501243,Deccan Chargers,175,4,DELHI DAREDEVILS,3
501244,Kings XI Punjab,120,8,ROYAL CHALLENGERS BANGALORE,16
501245,Chennai Super Kings,114,3,KOLKATA KNIGHT RIDERS,8
501246,Delhi Daredevils,146,9,MUMBAI INDIANS,10
501247,Kochi Tuskers Kerala,125,7,ROYAL CHALLENGERS BANGALORE,16
501248,Kings XI Punjab,119,8,PUNE WARRIORS,11
501249,Chennai Super Kings,196,2,CHENNAI SUPER KINGS,0
501250,Deccan Chargers,136,8,PUNE WARRIORS,11
501251,Kings XI Punjab,163,7,KINGS XI PUNJAB,6
501252,Rajasthan Royals,146,5,ROYAL CHALLENGERS BANGALORE,16
501253,Chennai Super Kings,176,3,CHENNAI SUPER KINGS,0
501254,Kings XI Punjab,181,4,KINGS XI PUNJAB,6
501255,Kolkata Knight Riders,89,4,ROYAL CHALLENGERS BANGALORE,16
501256,Deccan Chargers,135,6,DECCAN CHARGERS,1
501257,Delhi Daredevils,141,8,KINGS XI PUNJAB,6
501258,Kochi Tuskers Kerala,98,2,KOCHI TUSKERS KERALA,7
501259,Deccan Chargers,138,4,DECCAN CHARGERS,1
501260,Kings XI Punjab,232,2,KINGS XI PUNJAB,6
501261,Chennai Super Kings,152,5,CHENNAI SUPER KINGS,0
501262,Kolkata Knight Riders,119,3,KOLKATA KNIGHT RIDERS,8
501263,Mumbai Indians,133,5,RAJASTHAN ROYALS,13
501264,Deccan Chargers,198,2,DECCAN CHARGERS,1
501266,Chennai Super Kings,128,8,ROYAL CHALLENGERS BANGALORE,16
501267,Kolkata Knight Riders,175,4,MUMBAI INDIANS,10
501268,Chennai Super Kings,177,4,CHENNAI SUPER KINGS,0
501269,Kolkata Knight Riders,147,6,MUMBAI INDIANS,10
501270,Mumbai Indians,142,8,ROYAL CHALLENGERS BANGALORE,16
501271,Chennai Super Kings,205,5,CHENNAI SUPER KINGS,0
548306,Chennai Super Kings,112,7,MUMBAI INDIANS,10
548307,Delhi Daredevils,100,2,DELHI DAREDEVILS,3
548308,Mumbai Indians,101,9,PUNE WARRIORS,11
548309,Kings XI Punjab,160,8,RAJASTHAN ROYALS,13
548310,Delhi Daredevils,137,6,ROYAL CHALLENGERS BANGALORE,16
548311,Chennai Super Kings,193,6,CHENNAI SUPER KINGS,0
548312,Kolkata Knight Riders,142,10,RAJASTHAN ROYALS,13
548313,Kings XI Punjab,144,6,PUNE WARRIORS,11
548314,Deccan Chargers,138,9,MUMBAI INDIANS,10
548315,Kolkata Knight Riders,165,8,KOLKATA KNIGHT RIDERS,8
548316,Chennai Super Kings,110,4,DELHI DAREDEVILS,3
548317,Mumbai Indians,197,6,MUMBAI INDIANS,10
548318,Chennai Super Kings,208,5,CHENNAI SUPER KINGS,0
548319,Kings XI Punjab,116,3,KINGS XI PUNJAB,6
548320,Kolkata Knight Riders,137,4,KOLKATA KNIGHT RIDERS,8
548321,Deccan Chargers,157,7,DELHI DAREDEVILS,3
548322,Chennai Super Kings,155,5,PUNE WARRIORS,11
548323,Kings XI Punjab,134,8,KINGS XI PUNJAB,6
548324,Rajasthan Royals,195,2,RAJASTHAN ROYALS,13
548325,Delhi Daredevils,93,3,DELHI DAREDEVILS,3
548326,Deccan Chargers,196,2,RAJASTHAN ROYALS,13
548327,Pune Warriors,182,4,ROYAL CHALLENGERS BANGALORE,16
548328,Kings XI Punjab,124,6,KOLKATA KNIGHT RIDERS,8
548329,Deccan Chargers,187,3,DELHI DAREDEVILS,3
548330,Chennai Super Kings,164,5,CHENNAI SUPER KINGS,0
548331,Kings XI Punjab,163,6,ROYAL CHALLENGERS BANGALORE,16
548332,Chennai Super Kings,147,3,CHENNAI SUPER KINGS,0
548333,Delhi Daredevils,172,6,PUNE WARRIORS,11
548334,Kings XI Punjab,164,4,KINGS XI PUNJAB,6
548335,Deccan Chargers,126,6,KOLKATA KNIGHT RIDERS,8
548336,Rajasthan Royals,143,7,ROYAL CHALLENGERS BANGALORE,16
548337,Delhi Daredevils,148,1,DELHI DAREDEVILS,3
548339,Kings XI Punjab,168,3,MUMBAI INDIANS,10
548341,Deccan Chargers,177,3,DECCAN CHARGERS,1
548342,Delhi Daredevils,207,5,DELHI DAREDEVILS,3
548343,Chennai Super Kings,149,7,KINGS XI PUNJAB,6
548344,Kolkata Knight Riders,190,4,KOLKATA KNIGHT RIDERS,8
548345,Delhi Daredevils,152,6,DELHI DAREDEVILS,3
548346,Deccan Chargers,100,10,MUMBAI INDIANS,10
548347,Chennai Super Kings,139,4,KOLKATA KNIGHT RIDERS,8
548348,Deccan Chargers,186,4,DECCAN CHARGERS,1
548349,Delhi Daredevils,144,4,DELHI DAREDEVILS,3
548350,Kings XI Punjab,163,3,KINGS XI PUNJAB,6
548351,Mumbai Indians,120,5,MUMBAI INDIANS,10
548352,Chennai Super Kings,160,6,CHENNAI SUPER KINGS,0
548353,Kolkata Knight Riders,150,5,KOLKATA KNIGHT RIDERS,8
548354,Kings XI Punjab,134,8,RAJASTHAN ROYALS,13
548355,Chennai Super Kings,173,7,MUMBAI INDIANS,10
548356,Deccan Chargers,181,1,ROYAL CHALLENGERS BANGALORE,16
548357,Delhi Daredevils,153,6,KOLKATA KNIGHT RIDERS,8
548358,Pune Warriors,125,5,RAJASTHAN ROYALS,13
548359,Deccan Chargers,145,7,KINGS XI PUNJAB,6
548360,Mumbai Indians,141,6,ROYAL CHALLENGERS BANGALORE,16
548361,Chennai Super Kings,127,5,CHENNAI SUPER KINGS,0
548362,Pune Warriors,138,9,ROYAL CHALLENGERS BANGALORE,16
548363,Kolkata Knight Riders,155,4,MUMBAI INDIANS,10
548364,Chennai Super Kings,115,1,CHENNAI SUPER KINGS,0
548365,Pune Warriors,125,9,RAJASTHAN ROYALS,13
548366,Deccan Chargers,190,4,KINGS XI PUNJAB,6
548367,Mumbai Indians,173,4,MUMBAI INDIANS,10
548368,Chennai Super Kings,160,4,CHENNAI SUPER KINGS,0
548369,Delhi Daredevils,140,5,DELHI DAREDEVILS,3
548370,Kolkata Knight Riders,140,6,KOLKATA KNIGHT RIDERS,8
548371,Chennai Super Kings,120,7,KINGS XI PUNJAB,6
548372,Delhi Daredevils,194,9,ROYAL CHALLENGERS BANGALORE,16
548373,Deccan Chargers,128,5,DECCAN CHARGERS,1
548374,Delhi Daredevils,145,4,DELHI DAREDEVILS,3
548375,Kolkata Knight Riders,136,4,KOLKATA KNIGHT RIDERS,8
548376,Deccan Chargers,132,7,DECCAN CHARGERS,1
548377,Mumbai Indians,163,0,MUMBAI INDIANS,10
548378,Delhi Daredevils,144,8,KOLKATA KNIGHT RIDERS,8
548379,Chennai Super Kings,187,5,CHENNAI SUPER KINGS,0
548380,Chennai Super Kings,222,4,CHENNAI SUPER KINGS,0
548381,Chennai Super Kings,190,3,KOLKATA KNIGHT RIDERS,8
597998,Delhi Daredevils,128,9,KOLKATA KNIGHT RIDERS,8
597999,Mumbai Indians,154,4,ROYAL CHALLENGERS BANGALORE,16
598000,Pune Warriors,104,9,SUNRISERS HYDERABAD,18
598001,Delhi Daredevils,160,5,RAJASTHAN ROYALS,13
598002,Chennai Super Kings,139,9,MUMBAI INDIANS,10
598003,Kings XI Punjab,100,2,KINGS XI PUNJAB,6
598004,Royal Challengers Bangalore,145,8,SUNRISERS HYDERABAD,18
598005,Kolkata Knight Riders,125,10,RAJASTHAN ROYALS,13
598006,Delhi Daredevils,165,8,MUMBAI INDIANS,10
598007,Chennai Super Kings,139,0,CHENNAI SUPER KINGS,0
598008,Kolkata Knight Riders,154,7,ROYAL CHALLENGERS BANGALORE,16
598009,Pune Warriors,148,3,PUNE WARRIORS,11
598010,Delhi Daredevils,114,8,SUNRISERS HYDERABAD,18
598011,Mumbai Indians,183,3,MUMBAI INDIANS,10
598012,Chennai Super Kings,166,6,CHENNAI SUPER KINGS,0
598013,Kolkata Knight Riders,180,2,KOLKATA KNIGHT RIDERS,8
598014,Kings XI Punjab,124,8,RAJASTHAN ROYALS,13
598015,Chennai Super Kings,135,8,PUNE WARRIORS,11
598016,Kings XI Punjab,157,9,KINGS XI PUNJAB,6
598017,Delhi Daredevils,163,6,ROYAL CHALLENGERS BANGALORE,16
598018,Pune Warriors,108,10,SUNRISERS HYDERABAD,18
598019,Mumbai Indians,92,9,RAJASTHAN ROYALS,13
598020,Chennai Super Kings,169,3,CHENNAI SUPER KINGS,0
598021,Kings XI Punjab,123,7,SUNRISERS HYDERABAD,18
598022,Chennai Super Kings,124,5,CHENNAI SUPER KINGS,0
598023,Rajasthan Royals,117,10,ROYAL CHALLENGERS BANGALORE,16
598024,Delhi Daredevils,165,1,DELHI DAREDEVILS,3
598025,Kings XI Punjab,186,3,KINGS XI PUNJAB,6
598026,Chennai Super Kings,186,4,CHENNAI SUPER KINGS,0
598027,Pune Warriors,133,9,ROYAL CHALLENGERS BANGALORE,16
598028,Delhi Daredevils,164,7,KINGS XI PUNJAB,6
598029,Kolkata Knight Riders,159,6,MUMBAI INDIANS,10
598030,Chennai Super Kings,160,5,CHENNAI SUPER KINGS,0
598031,Kings XI Punjab,149,5,KOLKATA KNIGHT RIDERS,8
598032,Rajasthan Royals,146,2,RAJASTHAN ROYALS,13
598033,Mumbai Indians,194,4,MUMBAI INDIANS,10
598034,Chennai Super Kings,200,2,CHENNAI SUPER KINGS,0
598035,Delhi Daredevils,164,5,DELHI DAREDEVILS,3
598036,Rajasthan Royals,173,5,RAJASTHAN ROYALS,13
598037,Kings XI Punjab,170,10,MUMBAI INDIANS,10
598038,Chennai Super Kings,164,3,CHENNAI SUPER KINGS,0
598039,Mumbai Indians,129,4,SUNRISERS HYDERABAD,18
598040,Delhi Daredevils,137,3,DELHI DAREDEVILS,3
598041,Chennai Super Kings,186,3,CHENNAI SUPER KINGS,0
598042,Pune Warriors,170,8,ROYAL CHALLENGERS BANGALORE,16
598043,Kolkata Knight Riders,133,2,KOLKATA KNIGHT RIDERS,8
598044,Delhi Daredevils,80,9,SUNRISERS HYDERABAD,18
598045,Kings XI Punjab,176,3,KINGS XI PUNJAB,6
598046,Chennai Super Kings,79,10,MUMBAI INDIANS,10
598047,Pune Warriors,178,3,RAJASTHAN ROYALS,13
598048,Royal Challengers Bangalore,162,3,ROYAL CHALLENGERS BANGALORE,16
598049,Delhi Daredevils,154,4,RAJASTHAN ROYALS,13
598050,Kolkata Knight Riders,105,9,MUMBAI INDIANS,10
598051,Chennai Super Kings,223,3,CHENNAI SUPER KINGS,0
598052,Kings XI Punjab,145,6,RAJASTHAN ROYALS,13
598053,Kolkata Knight Riders,152,6,KOLKATA KNIGHT RIDERS,8
598054,Delhi Daredevils,179,7,ROYAL CHALLENGERS BANGALORE,16
598055,Mumbai Indians,116,5,MUMBAI INDIANS,10
598056,Kings XI Punjab,120,7,SUNRISERS HYDERABAD,18
598057,Kolkata Knight Riders,116,5,KOLKATA KNIGHT RIDERS,8
598058,Chennai Super Kings,141,3,RAJASTHAN ROYALS,13
598059,Delhi Daredevils,120,7,KINGS XI PUNJAB,6
598060,Mumbai Indians,184,3,MUMBAI INDIANS,10
598061,Kolkata Knight Riders,163,4,PUNE WARRIORS,11
598062,Chennai Super Kings,168,3,CHENNAI SUPER KINGS,0
598063,Mumbai Indians,166,6,MUMBAI INDIANS,10
598064,Kings XI Punjab,194,4,KINGS XI PUNJAB,6
598065,Rajasthan Royals,113,8,SUNRISERS HYDERABAD,18
598066,Kings XI Punjab,183,7,KINGS XI PUNJAB,6
598067,Delhi Daredevils,134,9,PUNE WARRIORS,11
598068,Chennai Super Kings,82,6,ROYAL CHALLENGERS BANGALORE,16
598069,Kolkata Knight Riders,130,6,SUNRISERS HYDERABAD,18
598070,Chennai Super Kings,192,1,CHENNAI SUPER KINGS,0
598071,Rajasthan Royals,135,6,RAJASTHAN ROYALS,13
598072,Mumbai Indians,169,6,MUMBAI INDIANS,10
598073,Chennai Super Kings,125,9,MUMBAI INDIANS,10
729279,Kolkata Knight Riders,163,5,KOLKATA KNIGHT RIDERS,8
729281,Delhi Daredevils,145,4,ROYAL CHALLENGERS BANGALORE,16
729283,Chennai Super Kings,205,4,KINGS XI PUNJAB,6
729285,Rajasthan Royals,135,6,RAJASTHAN ROYALS,13
729287,Mumbai Indians,115,8,ROYAL CHALLENGERS BANGALORE,16
729289,Delhi Daredevils,167,5,DELHI DAREDEVILS,3
729291,Kings XI Punjab,193,3,KINGS XI PUNJAB,6
729293,Chennai Super Kings,177,6,CHENNAI SUPER KINGS,0
729295,Kings XI Punjab,193,6,KINGS XI PUNJAB,6
729297,Chennai Super Kings,140,5,CHENNAI SUPER KINGS,0
729299,Kolkata Knight Riders,150,7,KOLKATA KNIGHT RIDERS,8
729301,Delhi Daredevils,180,4,SUNRISERS HYDERABAD,18
729303,Chennai Super Kings,142,3,CHENNAI SUPER KINGS,0
729305,Rajasthan Royals,71,3,RAJASTHAN ROYALS,13
729307,Kings XI Punjab,132,8,KINGS XI PUNJAB,6
729309,Delhi Daredevils,126,4,DELHI DAREDEVILS,3
729311,Chennai Super Kings,146,5,CHENNAI SUPER KINGS,0
729313,Kings XI Punjab,127,5,KINGS XI PUNJAB,6
729315,Kolkata Knight Riders,163,7,RAJASTHAN ROYALS,13
729317,Mumbai Indians,157,7,SUNRISERS HYDERABAD,18
733971,Chennai Super Kings,148,3,CHENNAI SUPER KINGS,0
733973,Kings XI Punjab,168,4,MUMBAI INDIANS,10
733975,Delhi Daredevils,152,5,RAJASTHAN ROYALS,13
733977,Royal Challengers Bangalore,158,5,ROYAL CHALLENGERS BANGALORE,16
733979,Kolkata Knight Riders,160,6,RAJASTHAN ROYALS,13
733981,Chennai Super Kings,181,2,CHENNAI SUPER KINGS,0
733983,Mumbai Indians,187,4,MUMBAI INDIANS,10
733985,Delhi Daredevils,160,4,KOLKATA KNIGHT RIDERS,8
733987,Chennai Super Kings,187,5,KINGS XI PUNJAB,6
733989,Rajasthan Royals,102,9,SUNRISERS HYDERABAD,18
733991,Kings XI Punjab,198,8,KINGS XI PUNJAB,6
733993,Delhi Daredevils,143,7,SUNRISERS HYDERABAD,18
733995,Chennai Super Kings,160,5,CHENNAI SUPER KINGS,0
733997,Kings XI Punjab,149,7,KOLKATA KNIGHT RIDERS,8
733999,Rajasthan Royals,191,5,RAJASTHAN ROYALS,13
734001,Mumbai Indians,160,3,MUMBAI INDIANS,10
734003,Chennai Super Kings,149,5,CHENNAI SUPER KINGS,0
734005,Delhi Daredevils,170,6,ROYAL CHALLENGERS BANGALORE,16
734007,Kings XI Punjab,211,3,KINGS XI PUNJAB,6
734009,Kolkata Knight Riders,142,4,KOLKATA KNIGHT RIDERS,8
734011,Delhi Daredevils,139,8,RAJASTHAN ROYALS,13
734013,Chennai Super Kings,138,4,ROYAL CHALLENGERS BANGALORE,16
734015,Kolkata Knight Riders,146,2,KOLKATA KNIGHT RIDERS,8
734017,Mumbai Indians,178,2,MUMBAI INDIANS,10
734019,Delhi Daredevils,164,7,KINGS XI PUNJAB,6
734021,Royal Challengers Bangalore,160,5,SUNRISERS HYDERABAD,18
734023,Chennai Super Kings,154,3,KOLKATA KNIGHT RIDERS,8
734025,Kings XI Punjab,156,6,MUMBAI INDIANS,10
734027,Kolkata Knight Riders,195,3,KOLKATA KNIGHT RIDERS,8
734029,Chennai Super Kings,185,2,SUNRISERS HYDERABAD,18
734031,Delhi Daredevils,158,4,MUMBAI INDIANS,10
734033,Kings XI Punjab,179,3,KINGS XI PUNJAB,6
734035,Chennai Super Kings,160,2,CHENNAI SUPER KINGS,0
734037,Kolkata Knight Riders,161,5,KOLKATA KNIGHT RIDERS,8
734039,Delhi Daredevils,115,9,KINGS XI PUNJAB,6
734041,Mumbai Indians,195,4,MUMBAI INDIANS,10
734043,Kings XI Punjab,135,7,KOLKATA KNIGHT RIDERS,8
734045,Chennai Super Kings,176,3,CHENNAI SUPER KINGS,0
734047,Chennai Super Kings,202,5,KINGS XI PUNJAB,6
734049,Kings XI Punjab,199,4,KOLKATA KNIGHT RIDERS,8
829705,Kolkata Knight Riders,170,3,KOLKATA KNIGHT RIDERS,8
829707,Chennai Super Kings,150,7,CHENNAI SUPER KINGS,0
829709,Kings XI Punjab,136,6,RAJASTHAN ROYALS,13
829711,Chennai Super Kings,209,1,CHENNAI SUPER KINGS,0
829713,Kolkata Knight Riders,177,4,ROYAL CHALLENGERS BANGALORE,16
829715,Delhi Daredevils,184,3,RAJASTHAN ROYALS,13
829717,Kings XI Punjab,177,5,KINGS XI PUNJAB,6
829719,Royal Challengers Bangalore,166,10,SUNRISERS HYDERABAD,18
829721,Mumbai Indians,164,5,RAJASTHAN ROYALS,13
829723,Chennai Super Kings,165,9,KOLKATA KNIGHT RIDERS,8
829725,Delhi Daredevils,169,4,DELHI DAREDEVILS,3
829727,Rajasthan Royals,131,4,RAJASTHAN ROYALS,13
829729,Chennai Super Kings,189,4,CHENNAI SUPER KINGS,0
829731,Delhi Daredevils,167,4,DELHI DAREDEVILS,3
829733,Kings XI Punjab,155,8,KOLKATA KNIGHT RIDERS,8
829735,Chennai Super Kings,156,4,RAJASTHAN ROYALS,13
829737,Mumbai Indians,209,6,MUMBAI INDIANS,10
829739,Delhi Daredevils,146,7,KOLKATA KNIGHT RIDERS,8
829741,Kings XI Punjab,206,5,KINGS XI PUNJAB,6
829743,Kolkata Knight Riders,101,4,SUNRISERS HYDERABAD,18
829745,Chennai Super Kings,181,8,CHENNAI SUPER KINGS,0
829747,Delhi Daredevils,190,4,DELHI DAREDEVILS,3
829749,Rajasthan Royals,130,8,ROYAL CHALLENGERS BANGALORE,16
829751,Mumbai Indians,157,8,MUMBAI INDIANS,10
829753,Chennai Super Kings,192,2,CHENNAI SUPER KINGS,0
829757,Delhi Daredevils,95,9,ROYAL CHALLENGERS BANGALORE,16
829759,Kings XI Punjab,130,8,SUNRISERS HYDERABAD,18
829761,Delhi Daredevils,158,6,KOLKATA KNIGHT RIDERS,8
829765,Chennai Super Kings,134,5,CHENNAI SUPER KINGS,0
829767,Delhi Daredevils,119,1,DELHI DAREDEVILS,3
829769,Mumbai Indians,187,5,MUMBAI INDIANS,10
829771,Kolkata Knight Riders,111,3,ROYAL CHALLENGERS BANGALORE,16
829773,Chennai Super Kings,170,5,SUNRISERS HYDERABAD,18
829775,Kings XI Punjab,149,4,MUMBAI INDIANS,10
829777,Delhi Daredevils,175,7,RAJASTHAN ROYALS,13
829779,Chennai Super Kings,148,8,CHENNAI SUPER KINGS,0
829781,Kolkata Knight Riders,167,6,KOLKATA KNIGHT RIDERS,8
829783,Delhi Daredevils,152,6,MUMBAI INDIANS,10
829785,Kings XI Punjab,88,10,ROYAL CHALLENGERS BANGALORE,16
829787,Rajasthan Royals,194,7,SUNRISERS HYDERABAD,18
829789,Chennai Super Kings,158,4,MUMBAI INDIANS,10
829791,Kings XI Punjab,183,5,KOLKATA KNIGHT RIDERS,8
829793,Delhi Daredevils,157,4,SUNRISERS HYDERABAD,18
829795,Mumbai Indians,196,6,ROYAL CHALLENGERS BANGALORE,16
829797,Chennai Super Kings,157,4,CHENNAI SUPER KINGS,0
829799,Kings XI Punjab,180,7,SUNRISERS HYDERABAD,18
829801,Chennai Super Kings,119,6,DELHI DAREDEVILS,3
829803,Kings XI Punjab,106,6,KINGS XI PUNJAB,6
829805,Kolkata Knight Riders,166,6,MUMBAI INDIANS,10
829807,Royal Challengers Bangalore,83,3,ROYAL CHALLENGERS BANGALORE,16
829809,Chennai Super Kings,134,3,CHENNAI SUPER KINGS,0
829811,Kolkata Knight Riders,190,9,RAJASTHAN ROYALS,13
829815,Mumbai Indians,114,1,MUMBAI INDIANS,10
829817,Chennai Super Kings,162,9,MUMBAI INDIANS,10
829819,Rajasthan Royals,109,9,ROYAL CHALLENGERS BANGALORE,16
829821,Chennai Super Kings,140,6,CHENNAI SUPER KINGS,0
829823,Chennai Super Kings,161,8,MUMBAI INDIANS,10
980901,Mumbai Indians,121,8,RISING PUNE SUPERGIANTS,15
980903,Delhi Daredevils,98,10,KOLKATA KNIGHT RIDERS,8
980905,Gujarat Lions,162,4,GUJARAT LIONS,4
980907,Royal Challengers Bangalore,227,4,ROYAL CHALLENGERS BANGALORE,16
980909,Kolkata Knight Riders,187,4,MUMBAI INDIANS,10
980911,Gujarat Lions,164,3,GUJARAT LIONS,4
980913,Delhi Daredevils,113,2,DELHI DAREDEVILS,3
980915,Kolkata Knight Riders,146,2,KOLKATA KNIGHT RIDERS,8
980917,Gujarat Lions,147,7,GUJARAT LIONS,4
980919,Kings XI Punjab,153,4,KINGS XI PUNJAB,6
980921,Delhi Daredevils,192,3,DELHI DAREDEVILS,3
980923,Mumbai Indians,142,5,SUNRISERS HYDERABAD,18
980925,Kings XI Punjab,138,7,KOLKATA KNIGHT RIDERS,8
980927,Mumbai Indians,171,4,MUMBAI INDIANS,10
980929,Gujarat Lions,135,8,SUNRISERS HYDERABAD,18
980931,Rising Pune Supergiants,172,7,ROYAL CHALLENGERS BANGALORE,16
980933,Delhi Daredevils,164,4,DELHI DAREDEVILS,3
980935,Kings XI Punjab,143,5,SUNRISERS HYDERABAD,18
980937,Gujarat Lions,182,4,GUJARAT LIONS,4
980939,Kolkata Knight Riders,162,7,KOLKATA KNIGHT RIDERS,8
980941,Kings XI Punjab,164,7,MUMBAI INDIANS,10
980943,Rising Pune Supergiants,94,3,RISING PUNE SUPERGIANTS,15
980945,Delhi Daredevils,171,5,GUJARAT LIONS,4
980947,Kolkata Knight Riders,174,5,MUMBAI INDIANS,10
980949,Gujarat Lions,196,5,GUJARAT LIONS,4
980951,Delhi Daredevils,186,7,DELHI DAREDEVILS,3
980953,Royal Challengers Bangalore,179,5,SUNRISERS HYDERABAD,18
980955,Gujarat Lions,131,8,KINGS XI PUNJAB,6
980957,Mumbai Indians,161,2,MUMBAI INDIANS,10
980959,Kolkata Knight Riders,189,5,KOLKATA KNIGHT RIDERS,8
980961,Delhi Daredevils,150,2,DELHI DAREDEVILS,3
980963,Kings XI Punjab,157,7,KOLKATA KNIGHT RIDERS,8
980965,Delhi Daredevils,162,5,RISING PUNE SUPERGIANTS,15
980967,Gujarat Lions,126,6,SUNRISERS HYDERABAD,18
980969,Rising Pune Supergiants,191,5,ROYAL CHALLENGERS BANGALORE,16
980971,Delhi Daredevils,172,5,KINGS XI PUNJAB,6
980973,Mumbai Indians,92,10,SUNRISERS HYDERABAD,18
980975,Gujarat Lions,164,4,GUJARAT LIONS,4
980977,Kings XI Punjab,174,3,ROYAL CHALLENGERS BANGALORE,16
980979,Rising Pune Supergiants,133,6,SUNRISERS HYDERABAD,18
980981,Mumbai Indians,153,4,MUMBAI INDIANS,10
980983,Delhi Daredevils,150,3,DELHI DAREDEVILS,3
980985,Kings XI Punjab,127,3,KINGS XI PUNJAB,6
980987,Gujarat Lions,104,10,ROYAL CHALLENGERS BANGALORE,16
980989,Kolkata Knight Riders,66,2,KOLKATA KNIGHT RIDERS,8
980991,Kings XI Punjab,179,4,SUNRISERS HYDERABAD,18
980993,Delhi Daredevils,126,7,MUMBAI INDIANS,10
980995,Kolkata Knight Riders,183,4,ROYAL CHALLENGERS BANGALORE,16
980997,Delhi Daredevils,121,6,RISING PUNE SUPERGIANTS,15
980999,Kings XI Punjab,120,8,ROYAL CHALLENGERS BANGALORE,16
981001,Gujarat Lions,125,3,GUJARAT LIONS,4
981003,Delhi Daredevils,161,3,DELHI DAREDEVILS,3
981005,Kings XI Punjab,172,7,RISING PUNE SUPERGIANTS,15
981007,Gujarat Lions,173,4,GUJARAT LIONS,4
981009,Kolkata Knight Riders,171,6,KOLKATA KNIGHT RIDERS,8
981011,Delhi Daredevils,138,7,ROYAL CHALLENGERS BANGALORE,16
981013,Gujarat Lions,158,9,ROYAL CHALLENGERS BANGALORE,16
981015,Kolkata Knight Riders,140,7,SUNRISERS HYDERABAD,18
981017,Gujarat Lions,162,6,SUNRISERS HYDERABAD,18
981019,Royal Challengers Bangalore,200,5,SUNRISERS HYDERABAD,18
1082591,Royal Challengers Bangalore,172,8,SUNRISERS HYDERABAD,18
1082592,Mumbai Indians,184,7,RISING PUNE SUPERGIANT,14
1082593,Gujarat Lions,183,4,KOLKATA KNIGHT RIDERS,8
1082594,Kings XI Punjab,164,4,KINGS XI PUNJAB,6
1082595,Delhi Daredevils,142,9,ROYAL CHALLENGERS BANGALORE,16
1082596,Gujarat Lions,135,6,SUNRISERS HYDERABAD,18
1082597,Kolkata Knight Riders,178,7,MUMBAI INDIANS,10
1082598,Kings XI Punjab,150,2,KINGS XI PUNJAB,6
1082599,Delhi Daredevils,205,3,DELHI DAREDEVILS,3
1082600,Mumbai Indians,159,6,MUMBAI INDIANS,10
1082601,Kings XI Punjab,170,9,KOLKATA KNIGHT RIDERS,8
1082602,Mumbai Indians,145,6,MUMBAI INDIANS,10
1082603,Gujarat Lions,172,3,GUJARAT LIONS,4
1082604,Kolkata Knight Riders,172,6,KOLKATA KNIGHT RIDERS,8
1082605,Delhi Daredevils,188,6,DELHI DAREDEVILS,3
1082606,Gujarat Lions,176,4,MUMBAI INDIANS,10
1082607,Rising Pune Supergiant,161,7,RISING PUNE SUPERGIANT,14
1082608,Delhi Daredevils,168,6,KOLKATA KNIGHT RIDERS,8
1082609,Kings XI Punjab,154,10,SUNRISERS HYDERABAD,18
1082610,Gujarat Lions,192,6,ROYAL CHALLENGERS BANGALORE,16
1082611,Delhi Daredevils,176,4,SUNRISERS HYDERABAD,18
1082612,Kings XI Punjab,198,4,MUMBAI INDIANS,10
1082613,Gujarat Lions,188,6,GUJARAT LIONS,4
1082614,Delhi Daredevils,128,6,MUMBAI INDIANS,10
1082615,Rising Pune Supergiant,179,3,RISING PUNE SUPERGIANT,14
1082616,Gujarat Lions,162,7,KINGS XI PUNJAB,6
1082617,Kolkata Knight Riders,131,10,KOLKATA KNIGHT RIDERS,8
1082618,Mumbai Indians,157,7,RISING PUNE SUPERGIANT,14
1082620,Kolkata Knight Riders,184,2,KOLKATA KNIGHT RIDERS,8
1082621,Gujarat Lions,135,3,GUJARAT LIONS,4
1082622,Delhi Daredevils,160,5,KOLKATA KNIGHT RIDERS,8
1082623,Kings XI Punjab,181,9,SUNRISERS HYDERABAD,18
1082624,Rising Pune Supergiant,157,3,RISING PUNE SUPERGIANT,14
1082625,Gujarat Lions,159,8,MUMBAI INDIANS,10
1082626,Delhi Daredevils,67,10,KINGS XI PUNJAB,6
1082627,Kolkata Knight Riders,161,7,SUNRISERS HYDERABAD,18
1082628,Mumbai Indians,165,5,MUMBAI INDIANS,10
1082629,Gujarat Lions,161,8,RISING PUNE SUPERGIANT,14
1082630,Delhi Daredevils,189,4,DELHI DAREDEVILS,3
1082631,Kolkata Knight Riders,155,7,RISING PUNE SUPERGIANT,14
1082632,Delhi Daredevils,214,3,DELHI DAREDEVILS,3
1082633,Kings XI Punjab,138,7,KINGS XI PUNJAB,6
1082634,Rising Pune Supergiant,148,6,RISING PUNE SUPERGIANT,14
1082635,Delhi Daredevils,66,10,MUMBAI INDIANS,10
1082636,Kolkata Knight Riders,159,4,KOLKATA KNIGHT RIDERS,8
1082637,Gujarat Lions,192,4,GUJARAT LIONS,4
1082638,Mumbai Indians,138,7,SUNRISERS HYDERABAD,18
1082639,Kings XI Punjab,167,6,KINGS XI PUNJAB,6
1082640,Delhi Daredevils,197,5,DELHI DAREDEVILS,3
1082641,Kings XI Punjab,230,3,KINGS XI PUNJAB,6
1082642,Delhi Daredevils,168,7,DELHI DAREDEVILS,3
1082643,Gujarat Lions,154,10,SUNRISERS HYDERABAD,18
1082644,Kolkata Knight Riders,164,8,MUMBAI INDIANS,10
1082645,Kings XI Punjab,73,9,RISING PUNE SUPERGIANT,14
1082646,Delhi Daredevils,151,10,ROYAL CHALLENGERS BANGALORE,16
1082647,Mumbai Indians,142,8,RISING PUNE SUPERGIANT,14
1082648,Kolkata Knight Riders,48,2,KOLKATA KNIGHT RIDERS,8
1082649,Kolkata Knight Riders,107,10,MUMBAI INDIANS,10
1082650,Mumbai Indians,129,6,MUMBAI INDIANS,10
1136561,Chennai Super Kings,169,9,CHENNAI SUPER KINGS,0
1136562,Delhi Daredevils,166,6,KINGS XI PUNJAB,6
1136563,Kolkata Knight Riders,177,6,KOLKATA KNIGHT RIDERS,8
1136564,Rajasthan Royals,125,7,SUNRISERS HYDERABAD,18
1136565,Chennai Super Kings,205,5,CHENNAI SUPER KINGS,0
1136566,Delhi Daredevils,60,3,RAJASTHAN ROYALS,13
1136567,Mumbai Indians,147,8,SUNRISERS HYDERABAD,18
1136568,Kings XI Punjab,155,10,ROYAL CHALLENGERS BANGALORE,16
1136569,Delhi Daredevils,195,3,DELHI DAREDEVILS,3
1136570,Kolkata Knight Riders,138,8,SUNRISERS HYDERABAD,18
1136571,Rajasthan Royals,217,4,RAJASTHAN ROYALS,13
1136572,Chennai Super Kings,193,4,KINGS XI PUNJAB,6
1136573,Delhi Daredevils,129,10,KOLKATA KNIGHT RIDERS,8
1136574,Mumbai Indians,213,5,MUMBAI INDIANS,10
1136575,Kolkata Knight Riders,163,2,KOLKATA KNIGHT RIDERS,8
1136576,Kings XI Punjab,193,3,KINGS XI PUNJAB,6
1136577,Chennai Super Kings,204,5,CHENNAI SUPER KINGS,0
1136578,Kings XI Punjab,126,1,KINGS XI PUNJAB,6
1136579,Delhi Daredevils,174,5,ROYAL CHALLENGERS BANGALORE,16
1136580,Chennai Super Kings,182,2,CHENNAI SUPER KINGS,0
1136581,Mumbai Indians,167,6,RAJASTHAN ROYALS,13
1136582,Delhi Daredevils,139,7,KINGS XI PUNJAB,6
1136583,Mumbai Indians,87,10,SUNRISERS HYDERABAD,18
1136584,Chennai Super Kings,207,4,CHENNAI SUPER KINGS,0
1136585,Kings XI Punjab,119,9,SUNRISERS HYDERABAD,18
1136586,Delhi Daredevils,219,3,DELHI DAREDEVILS,3
1136587,Chennai Super Kings,169,5,MUMBAI INDIANS,10
1136588,Rajasthan Royals,140,6,SUNRISERS HYDERABAD,18
1136589,Kolkata Knight Riders,176,4,KOLKATA KNIGHT RIDERS,8
1136590,Chennai Super Kings,211,3,CHENNAI SUPER KINGS,0
1136591,Mumbai Indians,153,6,ROYAL CHALLENGERS BANGALORE,16
1136592,Delhi Daredevils,196,6,DELHI DAREDEVILS,3
1136593,Chennai Super Kings,177,5,KOLKATA KNIGHT RIDERS,8
1136594,Kings XI Punjab,174,5,MUMBAI INDIANS,10
1136595,Chennai Super Kings,128,4,CHENNAI SUPER KINGS,0
1136596,Delhi Daredevils,163,3,SUNRISERS HYDERABAD,18
1136597,Kolkata Knight Riders,168,6,MUMBAI INDIANS,10
1136598,Kings XI Punjab,155,4,KINGS XI PUNJAB,6
1136599,Royal Challengers Bangalore,141,6,SUNRISERS HYDERABAD,18
1136600,Kings XI Punjab,143,6,RAJASTHAN ROYALS,13
1136601,Kolkata Knight Riders,108,8,MUMBAI INDIANS,10
1136602,Delhi Daredevils,187,3,SUNRISERS HYDERABAD,18
1136603,Chennai Super Kings,176,3,RAJASTHAN ROYALS,13
1136604,Kings XI Punjab,214,8,KOLKATA KNIGHT RIDERS,8
1136605,Delhi Daredevils,181,4,ROYAL CHALLENGERS BANGALORE,16
1136606,Chennai Super Kings,180,1,CHENNAI SUPER KINGS,0
1136607,Mumbai Indians,168,6,RAJASTHAN ROYALS,13
1136608,Kings XI Punjab,88,7,ROYAL CHALLENGERS BANGALORE,16
1136609,Kolkata Knight Riders,145,4,KOLKATA KNIGHT RIDERS,8
1136610,Kings XI Punjab,183,5,MUMBAI INDIANS,10
1136611,Royal Challengers Bangalore,218,6,ROYAL CHALLENGERS BANGALORE,16
1136612,Chennai Super Kings,128,6,DELHI DAREDEVILS,3
1136613,Rajasthan Royals,164,4,RAJASTHAN ROYALS,13
1136614,Kolkata Knight Riders,173,5,KOLKATA KNIGHT RIDERS,8
1136615,Delhi Daredevils,174,3,DELHI DAREDEVILS,3
1136616,Chennai Super Kings,159,5,CHENNAI SUPER KINGS,0
1136617,Chennai Super Kings,140,7,CHENNAI SUPER KINGS,0
1136618,Kolkata Knight Riders,169,7,KOLKATA KNIGHT RIDERS,8
1136619,Kolkata Knight Riders,160,8,SUNRISERS HYDERABAD,18
1136620,Chennai Super Kings,181,2,CHENNAI SUPER KINGS,0
1175356,Chennai Super Kings,71,3,CHENNAI SUPER KINGS,0
1175357,Kolkata Knight Riders,183,4,KOLKATA KNIGHT RIDERS,8
1175358,Delhi Capitals,213,6,DELHI CAPITALS,2
1175359,Kings XI Punjab,184,4,KINGS XI PUNJAB,6
1175360,Chennai Super Kings,150,4,CHENNAI SUPER KINGS,0
1175361,Kings XI Punjab,190,4,KOLKATA KNIGHT RIDERS,8
1175362,Mumbai Indians,187,8,MUMBAI INDIANS,10
1175363,Rajasthan Royals,198,2,SUNRISERS HYDERABAD,18
1175364,Kings XI Punjab,177,2,KINGS XI PUNJAB,6
1175365,Delhi Capitals,195,6,DELHI CAPITALS,2
1175366,Royal Challengers Bangalore,113,7,SUNRISERS HYDERABAD,18
1175367,Chennai Super Kings,175,5,CHENNAI SUPER KINGS,0
1175368,Delhi Capitals,152,9,KINGS XI PUNJAB,6
1175369,Rajasthan Royals,164,3,RAJASTHAN ROYALS,13
1175370,Chennai Super Kings,133,8,MUMBAI INDIANS,10
1175371,Delhi Capitals,129,8,SUNRISERS HYDERABAD,18
1175372,Kolkata Knight Riders,206,5,KOLKATA KNIGHT RIDERS,8
1178393,Chennai Super Kings,160,3,CHENNAI SUPER KINGS,0
1178394,Mumbai Indians,136,6,MUMBAI INDIANS,10
1178395,Delhi Capitals,152,6,DELHI CAPITALS,2
1178396,Kolkata Knight Riders,140,2,KOLKATA KNIGHT RIDERS,8
1178397,Kings XI Punjab,151,4,KINGS XI PUNJAB,6
1178398,Chennai Super Kings,111,3,CHENNAI SUPER KINGS,0
1178399,Kings XI Punjab,197,4,MUMBAI INDIANS,10
1178400,Chennai Super Kings,155,5,CHENNAI SUPER KINGS,0
1178401,Delhi Capitals,180,3,DELHI CAPITALS,2
1178402,Mumbai Indians,187,5,RAJASTHAN ROYALS,13
1178403,Kings XI Punjab,173,4,ROYAL CHALLENGERS BANGALORE,16
1178404,Chennai Super Kings,162,5,CHENNAI SUPER KINGS,0
1178405,Delhi Capitals,155,7,DELHI CAPITALS,2
1178406,Mumbai Indians,172,5,MUMBAI INDIANS,10
1178407,Kings XI Punjab,182,6,KINGS XI PUNJAB,6
1178408,Chennai Super Kings,132,5,SUNRISERS HYDERABAD,18
1178409,Delhi Capitals,128,8,MUMBAI INDIANS,10
1178410,Kolkata Knight Riders,203,4,ROYAL CHALLENGERS BANGALORE,16
1178411,Mumbai Indians,161,5,RAJASTHAN ROYALS,13
1178412,Delhi Capitals,166,3,DELHI CAPITALS,2
1178413,Kolkata Knight Riders,159,7,SUNRISERS HYDERABAD,18
1178414,Chennai Super Kings,160,6,ROYAL CHALLENGERS BANGALORE,16
1178415,Delhi Capitals,193,4,DELHI CAPITALS,2
1178416,Chennai Super Kings,176,3,CHENNAI SUPER KINGS,0
1178417,Kings XI Punjab,185,7,ROYAL CHALLENGERS BANGALORE,16
1178418,Kolkata Knight Riders,175,5,RAJASTHAN ROYALS,13
1178419,Chennai Super Kings,109,10,MUMBAI INDIANS,10
1178420,Rajasthan Royals,161,3,RAJASTHAN ROYALS,13
1178421,Delhi Capitals,187,5,DELHI CAPITALS,2
1178422,Kolkata Knight Riders,232,2,KOLKATA KNIGHT RIDERS,8
1178423,Kings XI Punjab,167,8,SUNRISERS HYDERABAD,18
1178425,Chennai Super Kings,179,4,CHENNAI SUPER KINGS,0
1178426,Mumbai Indians,171,5,MUMBAI INDIANS,10
1178427,Kings XI Punjab,183,5,KOLKATA KNIGHT RIDERS,8
1178428,Delhi Capitals,121,5,DELHI CAPITALS,2
1178429,Royal Challengers Bangalore,178,6,ROYAL CHALLENGERS BANGALORE,16
1178430,Chennai Super Kings,170,5,KINGS XI PUNJAB,6
1178431,Kolkata Knight Riders,133,7,MUMBAI INDIANS,10
1181764,Chennai Super Kings,131,4,MUMBAI INDIANS,10
1181766,Delhi Capitals,165,7,DELHI CAPITALS,2
1181767,Chennai Super Kings,151,4,CHENNAI SUPER KINGS,0
1181768,Chennai Super Kings,148,5,MUMBAI INDIANS,10
1216492,Chennai Super Kings,166,5,CHENNAI SUPER KINGS,0
1216493,Delhi Capitals,160,6,DELHI CAPITALS,2
1216494,Kolkata Knight Riders,84,7,ROYAL CHALLENGERS BANGALORE,16
1216495,Mumbai Indians,149,8,SUNRISERS HYDERABAD,18
1216496,Chennai Super Kings,200,6,RAJASTHAN ROYALS,13
1216497,Delhi Capitals,135,9,KOLKATA KNIGHT RIDERS,8
1216498,Kings XI Punjab,126,6,KINGS XI PUNJAB,6
1216499,Mumbai Indians,166,5,MUMBAI INDIANS,10
1216500,Delhi Capitals,184,6,DELHI CAPITALS,2
1216501,Chennai Super Kings,157,5,KOLKATA KNIGHT RIDERS,8
1216502,Royal Challengers Bangalore,120,7,SUNRISERS HYDERABAD,18
1216503,Kings XI Punjab,143,8,MUMBAI INDIANS,10
1216504,Kolkata Knight Riders,174,6,KOLKATA KNIGHT RIDERS,8
1216505,Delhi Capitals,154,4,DELHI CAPITALS,2
1216506,Chennai Super Kings,154,1,CHENNAI SUPER KINGS,0
1216507,Rajasthan Royals,163,4,RAJASTHAN ROYALS,13
1216508,Kolkata Knight Riders,146,9,MUMBAI INDIANS,10
1216509,Chennai Super Kings,179,4,DELHI CAPITALS,2
1216510,Kings XI Punjab,206,3,KINGS XI PUNJAB,6
1216511,Mumbai Indians,193,4,MUMBAI INDIANS,10
1216512,Kolkata Knight Riders,166,5,KOLKATA KNIGHT RIDERS,8
1216513,Chennai Super Kings,181,0,CHENNAI SUPER KINGS,0
1216514,Rajasthan Royals,154,6,ROYAL CHALLENGERS BANGALORE,16
1216515,Delhi Capitals,228,4,DELHI CAPITALS,2
1216516,Chennai Super Kings,157,4,SUNRISERS HYDERABAD,18
1216517,Kings XI Punjab,196,7,KINGS XI PUNJAB,6
1216518,Rajasthan Royals,154,5,SUNRISERS HYDERABAD,18
1216519,Delhi Capitals,196,4,DELHI CAPITALS,2
1216520,Kings XI Punjab,150,2,KINGS XI PUNJAB,6
1216521,Chennai Super Kings,114,9,MUMBAI INDIANS,10
1216522,Rajasthan Royals,177,6,ROYAL CHALLENGERS BANGALORE,16
1216523,Kings XI Punjab,162,5,KOLKATA KNIGHT RIDERS,8
1216524,Delhi Capitals,131,10,SUNRISERS HYDERABAD,18
1216525,Chennai Super Kings,132,7,ROYAL CHALLENGERS BANGALORE,16
1216526,Kolkata Knight Riders,148,5,MUMBAI INDIANS,10
1216527,Kings XI Punjab,223,2,RAJASTHAN ROYALS,13
1216528,Chennai Super Kings,167,6,CHENNAI SUPER KINGS,0
1216529,Delhi Capitals,162,3,MUMBAI INDIANS,10
1216530,Kolkata Knight Riders,191,7,KOLKATA KNIGHT RIDERS,8
1216531,Kings XI Punjab,177,1,KINGS XI PUNJAB,6
1216532,Delhi Capitals,147,7,SUNRISERS HYDERABAD,18
1216533,Chennai Super Kings,125,4,RAJASTHAN ROYALS,13
1216534,Royal Challengers Bangalore,163,3,ROYAL CHALLENGERS BANGALORE,16
1216535,Delhi Capitals,110,8,MUMBAI INDIANS,10
1216536,Chennai Super Kings,178,4,CHENNAI SUPER KINGS,0
1216537,Kings XI Punjab,185,4,RAJASTHAN ROYALS,13
1216538,Mumbai Indians,208,5,MUMBAI INDIANS,10
1216539,Chennai Super Kings,131,6,DELHI CAPITALS,2
1216540,Kolkata Knight Riders,112,8,ROYAL CHALLENGERS BANGALORE,16
1216541,Mumbai Indians,195,5,RAJASTHAN ROYALS,13
1216542,Kings XI Punjab,132,8,SUNRISERS HYDERABAD,18
1216543,Delhi Capitals,161,7,DELHI CAPITALS,2
1216544,Chennai Super Kings,150,2,CHENNAI SUPER KINGS,0
1216545,Kolkata Knight Riders,145,3,KOLKATA KNIGHT RIDERS,8
1216546,Delhi Capitals,164,5,KINGS XI PUNJAB,6
1216547,Mumbai Indians,208,6,ROYAL CHALLENGERS BANGALORE,16
1237177,Delhi Capitals,143,8,MUMBAI INDIANS,10
1237178,Royal Challengers Bangalore,131,6,SUNRISERS HYDERABAD,18
1237180,Delhi Capitals,189,3,DELHI CAPITALS,2
1237181,Delhi Capitals,156,6,MUMBAI INDIANS,10
1254058,Mumbai Indians,159,7,ROYAL CHALLENGERS BANGALORE,16
1254059,Chennai Super Kings,188,6,DELHI CAPITALS,2
1254060,Kolkata Knight Riders,187,6,KOLKATA KNIGHT RIDERS,8
1254061,Punjab Kings,221,6,PUNJAB KINGS,12
1254062,Kolkata Knight Riders,142,7,MUMBAI INDIANS,10
1254063,Royal Challengers Bangalore,149,8,ROYAL CHALLENGERS BANGALORE,16
1254064,Delhi Capitals,147,6,RAJASTHAN ROYALS,13
1254065,Chennai Super Kings,107,4,CHENNAI SUPER KINGS,0
1254066,Mumbai Indians,150,5,MUMBAI INDIANS,10
1254067,Kolkata Knight Riders,166,8,ROYAL CHALLENGERS BANGALORE,16
1254068,Delhi Capitals,198,4,DELHI CAPITALS,2
1254069,Chennai Super Kings,188,7,CHENNAI SUPER KINGS,0
1254070,Delhi Capitals,138,4,DELHI CAPITALS,2
1254071,Punjab Kings,120,8,SUNRISERS HYDERABAD,18
1254072,Chennai Super Kings,220,3,CHENNAI SUPER KINGS,0
1254073,Rajasthan Royals,177,9,ROYAL CHALLENGERS BANGALORE,16
1254074,Mumbai Indians,131,6,PUNJAB KINGS,12
1254075,Kolkata Knight Riders,133,7,RAJASTHAN ROYALS,13
1254076,Chennai Super Kings,191,4,CHENNAI SUPER KINGS,0
1254077,Delhi Capitals,167,3,DELHI CAPITALS,2
1254078,Kolkata Knight Riders,126,4,KOLKATA KNIGHT RIDERS,8
1254079,Delhi Capitals,170,4,ROYAL CHALLENGERS BANGALORE,16
1254080,Chennai Super Kings,173,3,CHENNAI SUPER KINGS,0
1254081,Mumbai Indians,172,3,MUMBAI INDIANS,10
1254082,Delhi Capitals,156,3,DELHI CAPITALS,2
1254083,Punjab Kings,179,5,PUNJAB KINGS,12
1254084,Chennai Super Kings,218,4,MUMBAI INDIANS,10
1254085,Rajasthan Royals,220,3,RAJASTHAN ROYALS,13
1254086,Delhi Capitals,167,3,DELHI CAPITALS,2
1254087,Kolkata Knight Riders,94,1,KOLKATA KNIGHT RIDERS,8
1254088,Mumbai Indians,235,9,MUMBAI INDIANS,10
1254089,Chennai Super Kings,189,4,RAJASTHAN ROYALS,13
1254090,Punjab Kings,158,5,ROYAL CHALLENGERS BANGALORE,16
1254091,Chennai Super Kings,139,4,CHENNAI SUPER KINGS,0
1254092,Delhi Capitals,127,7,KOLKATA KNIGHT RIDERS,8
1254093,Mumbai Indians,94,2,MUMBAI INDIANS,10
1254094,Chennai Super Kings,134,6,PUNJAB KINGS,12
1254095,Royal Challengers Bangalore,137,5,SUNRISERS HYDERABAD,18
1254096,Kolkata Knight Riders,159,3,KOLKATA KNIGHT RIDERS,8
1254097,Delhi Capitals,154,6,DELHI CAPITALS,2
1254098,Chennai Super Kings,172,7,CHENNAI SUPER KINGS,0
1254099,Mumbai Indians,137,4,MUMBAI INDIANS,10
1254100,Rajasthan Royals,164,5,SUNRISERS HYDERABAD,18
1254101,Delhi Capitals,164,5,ROYAL CHALLENGERS BANGALORE,16
1254102,Kolkata Knight Riders,165,6,PUNJAB KINGS,12
1254103,Rajasthan Royals,149,9,ROYAL CHALLENGERS BANGALORE,16
1254104,Chennai Super Kings,156,6,CHENNAI SUPER KINGS,0
1254105,Delhi Capitals,139,2,DELHI CAPITALS,2
1254106,Kolkata Knight Riders,171,4,KOLKATA KNIGHT RIDERS,8
1254107,Punjab Kings,125,7,PUNJAB KINGS,12
1254108,Mumbai Indians,111,10,ROYAL CHALLENGERS BANGALORE,16
1254109,Kolkata Knight Riders,119,4,KOLKATA KNIGHT RIDERS,8
1254110,Chennai Super Kings,136,5,DELHI CAPITALS,2
1254111,Punjab Kings,183,4,RAJASTHAN ROYALS,13
1254112,Delhi Capitals,132,5,DELHI CAPITALS,2
1254113,Chennai Super Kings,157,4,CHENNAI SUPER KINGS,0
1254114,Chennai Super Kings,173,5,CHENNAI SUPER KINGS,0
1254115,Kolkata Knight Riders,139,6,KOLKATA KNIGHT RIDERS,8
1254116,Delhi Capitals,135,4,KOLKATA KNIGHT RIDERS,8
1254117,Chennai Super Kings,192,3,CHENNAI SUPER KINGS,0
1304047,Chennai Super Kings,131,4,KOLKATA KNIGHT RIDERS,8
1304048,Delhi Capitals,179,6,DELHI CAPITALS,2
1304049,Punjab Kings,208,5,PUNJAB KINGS,12
1304050,Gujarat Titans,161,5,GUJARAT TITANS,5
1304051,Rajasthan Royals,210,6,RAJASTHAN ROYALS,13
1304052,Kolkata Knight Riders,128,10,ROYAL CHALLENGERS BANGALORE,16
1304053,Chennai Super Kings,210,6,LUCKNOW SUPER GIANTS,9
1304054,Kolkata Knight Riders,141,4,KOLKATA KNIGHT RIDERS,8
1304055,Mumbai Indians,170,7,RAJASTHAN ROYALS,13
1304056,Delhi Capitals,157,8,GUJARAT TITANS,5
1304057,Chennai Super Kings,126,10,PUNJAB KINGS,12
1304058,Lucknow Super Giants,169,6,LUCKNOW SUPER GIANTS,9
1304059,Rajasthan Royals,169,3,ROYAL CHALLENGERS BANGALORE,16
1304060,Kolkata Knight Riders,162,5,KOLKATA KNIGHT RIDERS,8
1304061,Delhi Capitals,149,3,LUCKNOW SUPER GIANTS,9
1304062,Gujarat Titans,190,3,GUJARAT TITANS,5
1304063,Chennai Super Kings,154,7,SUNRISERS HYDERABAD,18
1304064,Mumbai Indians,151,5,ROYAL CHALLENGERS BANGALORE,16
1304065,Delhi Capitals,215,5,DELHI CAPITALS,2
1304066,Lucknow Super Giants,162,8,RAJASTHAN ROYALS,13
1304067,Gujarat Titans,162,6,SUNRISERS HYDERABAD,18
1304068,Chennai Super Kings,216,3,CHENNAI SUPER KINGS,0
1304069,Mumbai Indians,186,7,PUNJAB KINGS,12
1304070,Gujarat Titans,192,3,GUJARAT TITANS,5
1304071,Kolkata Knight Riders,175,8,SUNRISERS HYDERABAD,18
1304072,Lucknow Super Giants,199,4,LUCKNOW SUPER GIANTS,9
1304073,Delhi Capitals,173,6,ROYAL CHALLENGERS BANGALORE,16
1304074,Punjab Kings,151,9,SUNRISERS HYDERABAD,18
1304075,Chennai Super Kings,169,4,GUJARAT TITANS,5
1304076,Kolkata Knight Riders,210,9,RAJASTHAN ROYALS,13
1304077,Lucknow Super Giants,163,8,ROYAL CHALLENGERS BANGALORE,16
1304078,Delhi Capitals,119,1,DELHI CAPITALS,2
1304079,Chennai Super Kings,156,7,CHENNAI SUPER KINGS,0
1304080,Delhi Capitals,207,7,RAJASTHAN ROYALS,13
1304081,Gujarat Titans,156,9,GUJARAT TITANS,5
1304082,Royal Challengers Bangalore,68,10,SUNRISERS HYDERABAD,18
1304083,Lucknow Super Giants,168,6,LUCKNOW SUPER GIANTS,9
1304084,Chennai Super Kings,176,6,PUNJAB KINGS,12
1304085,Rajasthan Royals,144,7,RAJASTHAN ROYALS,13
1304086,Gujarat Titans,199,5,GUJARAT TITANS,5
1304087,Delhi Capitals,150,5,DELHI CAPITALS,2
1304088,Lucknow Super Giants,153,7,LUCKNOW SUPER GIANTS,9
1304089,Gujarat Titans,174,4,GUJARAT TITANS,5
1304090,Mumbai Indians,161,5,MUMBAI INDIANS,10
1304091,Delhi Capitals,189,7,LUCKNOW SUPER GIANTS,9
1304092,Chennai Super Kings,202,2,CHENNAI SUPER KINGS,0
1304093,Kolkata Knight Riders,158,3,KOLKATA KNIGHT RIDERS,8
1304094,Gujarat Titans,143,7,PUNJAB KINGS,12
1304095,Chennai Super Kings,160,8,ROYAL CHALLENGERS BANGALORE,16
1304096,Delhi Capitals,207,3,DELHI CAPITALS,2
1304097,Gujarat Titans,172,3,MUMBAI INDIANS,10
1304098,Punjab Kings,189,5,RAJASTHAN ROYALS,13
1304099,Kolkata Knight Riders,101,9,LUCKNOW SUPER GIANTS,9
1304100,Royal Challengers Bangalore,192,3,ROYAL CHALLENGERS BANGALORE,16
1304101,Chennai Super Kings,208,6,CHENNAI SUPER KINGS,0
1304102,Kolkata Knight Riders,165,9,KOLKATA KNIGHT RIDERS,8
1304103,Gujarat Titans,144,4,GUJARAT TITANS,5
1304104,Delhi Capitals,161,2,DELHI CAPITALS,2
1304105,Chennai Super Kings,97,9,MUMBAI INDIANS,10
1304106,Punjab Kings,209,8,PUNJAB KINGS,12
1304107,Kolkata Knight Riders,177,6,KOLKATA KNIGHT RIDERS,8
1304108,Chennai Super Kings,133,5,GUJARAT TITANS,5
1304109,Lucknow Super Giants,154,8,RAJASTHAN ROYALS,13
1304110,Delhi Capitals,159,7,DELHI CAPITALS,2
1304111,Mumbai Indians,190,5,SUNRISERS HYDERABAD,18
1304112,Kolkata Knight Riders,208,8,LUCKNOW SUPER GIANTS,9
1304113,Gujarat Titans,168,4,ROYAL CHALLENGERS BANGALORE,16
1304114,Chennai Super Kings,150,6,RAJASTHAN ROYALS,13
1304115,Delhi Capitals,159,7,MUMBAI INDIANS,10
1304116,Punjab Kings,160,5,PUNJAB KINGS,12
1312197,Gujarat Titans,191,2,GUJARAT TITANS,5
1312198,Lucknow Super Giants,193,6,ROYAL CHALLENGERS BANGALORE,16
1312199,Rajasthan Royals,161,3,RAJASTHAN ROYALS,13
1312200,Gujarat Titans,133,3,GUJARAT TITANS,5
1359475,Chennai Super Kings,178,7,GUJARAT TITANS,5
1359476,Kolkata Knight Riders,146,7,PUNJAB KINGS,12
1359477,Delhi Capitals,143,9,LUCKNOW SUPER GIANTS,9
1359478,Rajasthan Royals,203,5,RAJASTHAN ROYALS,13
1359479,Mumbai Indians,171,7,ROYAL CHALLENGERS BANGALORE,16
1359480,Chennai Super Kings,217,7,CHENNAI SUPER KINGS,0
1359481,Delhi Capitals,162,8,GUJARAT TITANS,5
1359482,Punjab Kings,197,4,PUNJAB KINGS,12
1359483,Kolkata Knight Riders,204,7,KOLKATA KNIGHT RIDERS,8
1359484,Lucknow Super Giants,127,5,LUCKNOW SUPER GIANTS,9
1359485,Delhi Capitals,142,9,RAJASTHAN ROYALS,13
1359486,Chennai Super Kings,159,3,CHENNAI SUPER KINGS,0
1359487,Gujarat Titans,204,4,KOLKATA KNIGHT RIDERS,8
1359488,Punjab Kings,143,9,SUNRISERS HYDERABAD,18
1359489,Lucknow Super Giants,213,9,LUCKNOW SUPER GIANTS,9
1359490,Delhi Capitals,172,9,MUMBAI INDIANS,10
1359491,Chennai Super Kings,172,6,RAJASTHAN ROYALS,13
1359492,Gujarat Titans,154,4,GUJARAT TITANS,5
1359493,Kolkata Knight Riders,205,7,SUNRISERS HYDERABAD,18
1359494,Delhi Capitals,151,8,ROYAL CHALLENGERS BANGALORE,16
1359495,Lucknow Super Giants,159,8,PUNJAB KINGS,12
1359496,Kolkata Knight Riders,185,6,MUMBAI INDIANS,10
1359497,Gujarat Titans,177,5,RAJASTHAN ROYALS,13
1359498,Chennai Super Kings,226,6,CHENNAI SUPER KINGS,0
1359499,Mumbai Indians,192,4,MUMBAI INDIANS,10
1359500,Lucknow Super Giants,154,5,LUCKNOW SUPER GIANTS,9
1359501,Punjab Kings,150,8,ROYAL CHALLENGERS BANGALORE,16
1359502,Delhi Capitals,128,6,DELHI CAPITALS,2
1359503,Chennai Super Kings,138,2,CHENNAI SUPER KINGS,0
1359504,Gujarat Titans,135,6,GUJARAT TITANS,5
1359505,Mumbai Indians,201,6,PUNJAB KINGS,12
1359506,Rajasthan Royals,182,5,ROYAL CHALLENGERS BANGALORE,16
1359507,Chennai Super Kings,235,4,CHENNAI SUPER KINGS,0
1359508,Delhi Capitals,144,6,DELHI CAPITALS,2
1359509,Gujarat Titans,207,6,GUJARAT TITANS,5
1359510,Kolkata Knight Riders,200,5,KOLKATA KNIGHT RIDERS,8
1359511,Chennai Super Kings,170,6,RAJASTHAN ROYALS,13
1359512,Lucknow Super Giants,257,5,LUCKNOW SUPER GIANTS,9
1359513,Gujarat Titans,180,3,GUJARAT TITANS,5
1359514,Delhi Capitals,188,6,SUNRISERS HYDERABAD,18
1359515,Chennai Super Kings,200,4,PUNJAB KINGS,12
1359516,Mumbai Indians,214,4,MUMBAI INDIANS,10
1359517,Lucknow Super Giants,108,8,ROYAL CHALLENGERS BANGALORE,16
1359518,Delhi Capitals,130,7,DELHI CAPITALS,2
1359520,Mumbai Indians,216,4,MUMBAI INDIANS,10
1359521,Kolkata Knight Riders,171,8,KOLKATA KNIGHT RIDERS,8
1359522,Gujarat Titans,119,1,GUJARAT TITANS,5
1359523,Chennai Super Kings,140,4,CHENNAI SUPER KINGS,0
1359524,Delhi Capitals,187,3,DELHI CAPITALS,2
1359525,Gujarat Titans,227,2,GUJARAT TITANS,5
1359526,Rajasthan Royals,214,2,SUNRISERS HYDERABAD,18
1359527,Kolkata Knight Riders,182,4,KOLKATA KNIGHT RIDERS,8
1359528,Mumbai Indians,200,4,MUMBAI INDIANS,10
1359529,Chennai Super Kings,167,8,CHENNAI SUPER KINGS,0
1359530,Kolkata Knight Riders,149,8,RAJASTHAN ROYALS,13
1359531,Gujarat Titans,191,8,MUMBAI INDIANS,10
1359532,Lucknow Super Giants,185,3,LUCKNOW SUPER GIANTS,9
1359533,Delhi Capitals,136,8,PUNJAB KINGS,12
1359534,Rajasthan Royals,59,9,ROYAL CHALLENGERS BANGALORE,16
1359535,Chennai Super Kings,144,6,KOLKATA KNIGHT RIDERS,8
1359536,Gujarat Titans,188,8,GUJARAT TITANS,5
1359537,Lucknow Super Giants,177,3,LUCKNOW SUPER GIANTS,9
1359538,Delhi Capitals,213,2,DELHI CAPITALS,2
1359539,Royal Challengers Bangalore,187,2,ROYAL CHALLENGERS BANGALORE,16
1359540,Punjab Kings,187,5,RAJASTHAN ROYALS,13
1359541,Chennai Super Kings,223,3,CHENNAI SUPER KINGS,0
1359542,Kolkata Knight Riders,175,6,LUCKNOW SUPER GIANTS,9
1359543,Mumbai Indians,201,2,MUMBAI INDIANS,10
1359544,Gujarat Titans,198,4,GUJARAT TITANS,5
1370350,Chennai Super Kings,172,7,CHENNAI SUPER KINGS,0
1370351,Lucknow Super Giants,101,7,MUMBAI INDIANS,10
1370352,Gujarat Titans,233,2,GUJARAT TITANS,5
1370353,Chennai Super Kings,171,5,CHENNAI SUPER KINGS,0
1422119,Chennai Super Kings,176,4,CHENNAI SUPER KINGS,0
1422120,Delhi Capitals,174,7,PUNJAB KINGS,12
1422121,Kolkata Knight Riders,208,6,KOLKATA KNIGHT RIDERS,8
1422122,Lucknow Super Giants,173,6,RAJASTHAN ROYALS,13
1422123,Gujarat Titans,168,6,GUJARAT TITANS,5
1422124,Punjab Kings,176,6,ROYAL CHALLENGERS BENGALURU,17
1422125,Chennai Super Kings,206,5,CHENNAI SUPER KINGS,0
1422126,Mumbai Indians,246,5,SUNRISERS HYDERABAD,18
1422127,Delhi Capitals,173,5,RAJASTHAN ROYALS,13
1422128,Kolkata Knight Riders,186,3,KOLKATA KNIGHT RIDERS,8
1422129,Lucknow Super Giants,199,7,LUCKNOW SUPER GIANTS,9
1422130,Gujarat Titans,168,3,GUJARAT TITANS,5
1422131,Chennai Super Kings,171,6,DELHI CAPITALS,2
1422132,Mumbai Indians,125,9,RAJASTHAN ROYALS,13
1422133,Lucknow Super Giants,181,5,LUCKNOW SUPER GIANTS,9
1422134,Delhi Capitals,166,10,KOLKATA KNIGHT RIDERS,8
1422135,Gujarat Titans,199,4,PUNJAB KINGS,12
1422136,Chennai Super Kings,165,5,SUNRISERS HYDERABAD,18
1422137,Rajasthan Royals,189,4,RAJASTHAN ROYALS,13
1422138,Delhi Capitals,205,7,MUMBAI INDIANS,10
1422139,Gujarat Titans,130,10,LUCKNOW SUPER GIANTS,9
1426260,Chennai Super Kings,141,3,CHENNAI SUPER KINGS,0
1426261,Punjab Kings,180,6,SUNRISERS HYDERABAD,18
1426262,Gujarat Titans,199,6,GUJARAT TITANS,5
1426263,Mumbai Indians,199,3,MUMBAI INDIANS,10
1426264,Delhi Capitals,170,4,DELHI CAPITALS,2
1426265,Punjab Kings,147,7,RAJASTHAN ROYALS,13
1426266,Kolkata Knight Riders,162,2,KOLKATA KNIGHT RIDERS,8
1426267,Chennai Super Kings,206,4,CHENNAI SUPER KINGS,0
1426268,Royal Challengers Bengaluru,262,6,SUNRISERS HYDERABAD,18
1426269,Kolkata Knight Riders,223,6,RAJASTHAN ROYALS,13
1426270,Delhi Capitals,92,4,DELHI CAPITALS,2
1426271,Mumbai Indians,192,6,MUMBAI INDIANS,10
1426272,Chennai Super Kings,176,6,LUCKNOW SUPER GIANTS,9
1426273,Delhi Capitals,199,10,SUNRISERS HYDERABAD,18
1426274,Kolkata Knight Riders,222,6,KOLKATA KNIGHT RIDERS,8
1426275,Gujarat Titans,146,7,GUJARAT TITANS,5
1426276,Mumbai Indians,179,9,RAJASTHAN ROYALS,13
1426277,Chennai Super Kings,210,3,LUCKNOW SUPER GIANTS,9
1426278,Delhi Capitals,224,4,DELHI CAPITALS,2
1426279,Royal Challengers Bengaluru,206,7,ROYAL CHALLENGERS BENGALURU,17
1426280,Kolkata Knight Riders,261,5,PUNJAB KINGS,12
1426281,Delhi Capitals,257,4,DELHI CAPITALS,2
1426282,Lucknow Super Giants,196,5,RAJASTHAN ROYALS,13
1426283,Gujarat Titans,200,3,ROYAL CHALLENGERS BENGALURU,17
1426284,Chennai Super Kings,212,3,CHENNAI SUPER KINGS,0
1426285,Delhi Capitals,153,9,KOLKATA KNIGHT RIDERS,8
1426286,Lucknow Super Giants,145,5,LUCKNOW SUPER GIANTS,9
1426287,Chennai Super Kings,162,6,PUNJAB KINGS,12
1426288,Rajasthan Royals,200,7,SUNRISERS HYDERABAD,18
1426289,Kolkata Knight Riders,169,9,KOLKATA KNIGHT RIDERS,8
1426290,Gujarat Titans,147,8,ROYAL CHALLENGERS BENGALURU,17
1426291,Chennai Super Kings,167,9,CHENNAI SUPER KINGS,0
1426292,Kolkata Knight Riders,235,6,KOLKATA KNIGHT RIDERS,8
1426293,Mumbai Indians,174,3,MUMBAI INDIANS,10
1426294,Delhi Capitals,221,6,DELHI CAPITALS,2
1426295,Lucknow Super Giants,165,3,SUNRISERS HYDERABAD,18
1426296,Punjab Kings,181,9,ROYAL CHALLENGERS BENGALURU,17
1426297,Chennai Super Kings,196,7,GUJARAT TITANS,5
1426298,Kolkata Knight Riders,157,6,KOLKATA KNIGHT RIDERS,8
1426299,Chennai Super Kings,145,4,CHENNAI SUPER KINGS,0
1426300,Delhi Capitals,140,8,ROYAL CHALLENGERS BENGALURU,17
1426302,Delhi Capitals,208,4,DELHI CAPITALS,2
1426303,Punjab Kings,145,5,PUNJAB KINGS,12
1426305,Lucknow Super Giants,214,6,LUCKNOW SUPER GIANTS,9
1426306,Chennai Super Kings,191,6,ROYAL CHALLENGERS BENGALURU,17
1426307,Punjab Kings,214,4,SUNRISERS HYDERABAD,18
1426309,Kolkata Knight Riders,164,2,KOLKATA KNIGHT RIDERS,8
1426310,Rajasthan Royals,174,5,RAJASTHAN ROYALS,13
1426311,Rajasthan Royals,139,7,SUNRISERS HYDERABAD,18
1426312,Kolkata Knight Riders,114,2,KOLKATA KNIGHT RIDERS,8
